{
  "auto": {
    "title": "auto",
    "headerText": "Auto Website Directory: Generate Leads with Car Dealership Marketing Strategies",
   "services":{
     "service1":{
       "title": "Shoppers Searching for Car Deals",
       "desc": "<p>Promote and advertise to auto shoppers, car enthusiasts and drivers. post ads and deals to target car and truck owners looking for auto repairs services, recovery companies or a nearby mechanic shop for service and parts. Display “Car for sale” ads to locals searching for a used car deal, a dealership certified used vehicle or just looking to compare lease offers.</p>"
     },
     "service2":{
       "title": "Display Ad Tool for Dealership Advertising",
       "desc": "<p>Create display ads to target auto shoppers, add promotions to attract car and truck buyers, and post new car deals to connect with interested auto customers using a free display advertising tool. Use the best display marketing tool for landing pages, visual ad campaigns and gallery intensive online promotions.</p>"
     },
     "service3":{
       "title": "Audience Targeting Tool for Auto Dealers",
       "desc": "<p>Auto Shoppers targeting tool for small business owners and marketers who are looking for digital marketing that helps you target car owners.</p><p>Navigate the target market for car dealerships, luxury cars and auto sales shops to target car buyers on line using landing pages and social media business pages. use automotive marketing tools to reach and sell to local customers.</p>"
       },
     "service4":{
       "title": "Free Customer Reach Tool",
       "desc": "<p>innovative ways to reach auto shoppers</p><p>We offer the most effective tools to reach car buyers online. Maintain customer reach by using innovative channels and social media to attract local auto buyers searching for car deals.</p><p>Create ads to generate more website traffic, get more leads and sell to local automotive enthusiasts.</p>"
     },
      "service5":{
       "title": "Free Connection Builder Tool",
       "desc": "<p>Engage with leads, connect with local buyers and offer deals. Connect with prospects and convert leads to customers with landing pages and promotions. Use the customer connection tools to get feedback to improve brand loyalty.</p><p>Get the benefits of the local auto classifieds with the most up to date online auto dealer offers. Connect with auto shoppers looking for luxury cars, used classic cars or midsize family sedans.</p>"
     }
    },
    "faq":{
      "title":"Auto Dealer FAQ",
      "faqlist": [
        {
          "title": "Online strategies to find auto shoppers?",
          "answer": "When looking to increase your dealership’s auto sales, try attracting more local audience looking for good auto financing and affordable payment plans. attract more auto shoppers by creating a car listing page."
        },
        {
          "title": "How to connect with auto shoppers?",
          "answer": "offer a test drive and get car buyers in the door, post your special auto offers online at the local directory."
        },
         {
          "title": "What dealers should look for when selling a car?",
          "answer": "engaging car shoppers to deliver accurate details about car and contract is done without obligation. using this directory site to sell a car located at a dealership is now simple."
        },
        {
          "title": "How to advertise a car from a dealers website?",
          "answer": "sell a car online fast. Advertise a cheap car for sale, sell a used car online and have it shipped a buyer’s house"
        }
      ]
    }
  }
}